{
  "participants": null,
  "results": [
    {
      "id": "eval_unknown_20260116_180426",
      "score": 81.04575163398692,
      "accuracy": 0.8835341365461847,
      "f1": 0.8104575163398693,
      "precision": 0.6813186813186813,
      "recall": 1.0,
      "grade": "B-",
      "purple_score": 71.68949771689498,
      "vulnerabilities_found": 62,
      "total_tests": 249
    }
  ]
}
